county_fips,tennis_courts
06037,4904
36103,3550
17031,2356
48201,2190
04013,2123
06073,2102
36059,2033
12099,2002
06059,1868
06065,1762
13121,1589
12086,1395
12011,1333
06085,1301
13067,1283
24031,1257
13135,1252
48113,1200
48029,1195
25017,1118
53033,1113
51059,1046
12021,1044
42091,1036
26125,1023
12071,915
36119,914
27053,910
12095,901
48453,893
37119,884
32003,872
48439,855
06001,795
37183,790
06081,776
39061,743
06071,739
12103,733
26163,731
17043,707
06067,706
17097,697
29189,687
42029,685
09190,676
09110,675
04019,670
39049,665
06013,658
06111,637
48085,627
12057,623
18097,623
13117,619
24005,616
55079,597
49035,583
25001,571
34003,564
08005,553
06083,549
39035,546
12031,544
48157,538
15003,531
34023,518
36055,515
36029,513
42003,507
25009,505
45045,505
12115,504
41067,502
12009,498
25021,490
48215,487
25027,485
26081,481
35001,476
47157,470
24033,468
42045,468
12127,455
34021,454
42101,454
36081,453
45019,449
48121,441
10003,440
55025,438
34035,435
13089,433
06097,433
34027,432
06019,431
20091,429
34025,426
42017,420
48141,419
39113,405
34013,403
45079,402
08059,397
16001,395
09170,393
40109,392
48491,391
47037,388
12081,387
27123,385
01073,384
25023,382
12117,372
34029,364
21111,361
33011,357
06041,357
49049,356
08031,356
51107,356
06053,352
11001,350
24003,349
37081,349
31055,347
20173,345
26161,343
39153,340
12101,339
53061,334
45013,332
51153,331
27037,329
53053,327
40143,327
13057,326
48339,326
12105,323
53063,321
18057,320
06029,318
12109,313
41051,310
42071,310
23005,306
06075,303
19153,303
47065,301
08041,299
17197,298
48355,297
29095,288
45063,288
51087,287
25003,286
06079,286
12111,284
55133,284
47093,283
17089,282
18003,278
36047,276
34007,274
37063,274
26099,274
34005,272
51810,271
06055,269
36067,268
36071,267
06061,266
25005,266
36001,266
41005,266
26139,265
48303,264
39095,262
48061,261
44009,261
25013,260
01089,259
33015,258
09160,258
44007,254
01003,254
13051,253
18089,252
36027,249
42077,249
08013,247
12073,247
37067,246
51041,246
06077,243
10005,239
08069,239
06095,239
42011,235
05119,235
26077,234
24027,234
01097,224
26065,224
12061,223
12033,220
24510,218
27003,218
34039,217
06087,217
48167,216
37129,215
17111,213
39017,212
18141,211
24021,211
12085,208
12097,208
22033,208
48039,207
12001,204
13139,204
21067,203
34001,203
09180,202
19113,200
39165,199
32031,199
12087,199
08035,197
42095,196
09140,196
51003,193
50007,193
33003,193
42133,188
45051,188
37021,188
45083,188
27163,187
06099,187
48423,187
04021,186
36091,185
26049,184
28049,183
36087,183
25025,183
15001,181
36061,181
12015,181
48041,180
51710,178
12069,178
22071,177
37135,177
47187,176
39041,175
01101,175
12091,174
23031,172
51013,171
33009,171
55127,171
53035,171
55009,171
13021,169
44005,168
09120,165
13115,165
25007,164
35049,163
22055,160
36085,160
42041,160
48027,160
41017,160
34017,159
39151,158
42043,158
31109,158
36111,156
18039,154
34015,154
13215,152
53011,152
36005,152
48209,152
48479,151
29047,151
15009,150
45091,150
36065,149
17201,149
51760,149
42129,148
53077,148
51700,148
19163,147
29077,147
48265,147
55139,145
33013,145
48245,145
48091,145
08001,144
37179,144
37025,144
37019,144
26055,143
22017,143
04025,142
42127,142
17113,141
05007,141
13223,141
34009,141
48441,140
09130,139
37051,139
18081,139
48309,138
34031,136
26121,136
01125,136
29183,136
41039,135
51510,135
12131,135
12005,135
26021,134
13097,134
39099,134
36069,134
25015,133
16027,132
36105,132
22103,132
39093,131
29510,131
42089,131
06107,130
12083,130
28047,129
13151,128
55087,127
08123,127
45015,126
24025,126
18105,125
17119,125
17163,125
27145,124
17019,123
20177,123
49011,123
41047,122
51680,121
01117,121
23009,121
23011,120
39055,119
36113,118
13059,118
48451,118
06113,118
49057,117
53067,117
50025,116
36063,115
50027,115
17161,115
42079,114
36083,114
48329,113
42027,113
24017,113
37125,112
36007,112
53005,112
37035,111
26047,111
39057,110
48251,110
37089,110
26025,110
49005,110
13127,108
37071,108
27137,107
38017,106
53073,105
27171,105
26089,104
18063,104
39085,103
27109,103
22073,103
42049,103
08037,103
12035,102
39025,102
08101,101
48485,101
26145,101
36093,100
54039,100
29019,99
27139,99
41029,98
13245,98
13113,98
26005,98
26093,98
13185,98
45043,97
05143,96
49053,96
24047,96
01081,96
55101,96
51085,95
72127,95
18167,95
36013,95
45041,94
13219,93
16013,93
08097,93
55059,93
33001,93
10001,93
06047,92
13073,92
37001,92
06089,91
18157,91
37057,91
37031,91
51650,91
25011,91
45007,91
55131,91
46099,91
06007,90
21117,90
51550,90
55089,89
42069,89
51177,89
22051,88
23017,88
18091,88
28035,87
50023,87
18085,87
47149,87
24043,87
22019,86
18127,86
44003,86
53007,85
17167,85
55117,84
12019,84
37159,83
26103,83
45077,83
17143,83
47163,83
24037,83
55063,83
12017,83
37097,82
48183,82
19103,82
18035,82
28121,82
06017,81
26029,81
51179,80
48139,80
26075,80
55105,80
25019,80
51095,79
24013,79
37101,79
27019,79
36031,79
18011,79
24035,79
18163,78
36039,78
48397,78
40027,78
13063,78
18059,78
34037,78
42081,78
12053,77
35013,77
51121,76
24015,76
48187,76
72061,76
36045,76
39023,76
12113,75
37055,75
13153,75
26147,75
18019,75
55073,75
34019,75
36101,75
37191,74
50021,74
55035,74
21227,74
18095,74
48135,73
17093,73
36109,73
13015,72
39133,72
36019,72
28089,71
24045,71
55029,71
42075,71
48181,71
39103,71
53025,71
23015,71
13077,71
13045,71
51161,71
28059,70
12089,70
31153,70
36117,70
28071,70
29097,70
37127,70
36025,70
50017,69
39139,69
20045,69
37045,69
13157,69
23019,69
36079,68
13013,68
17099,68
39173,68
06045,68
50003,68
45003,68
37133,68
42125,68
13297,68
39155,67
51061,67
48381,67
05051,67
29165,67
19061,66
04003,66
15007,66
13095,66
18043,66
01103,66
19013,66
39109,66
24041,66
72021,65
42103,65
34041,65
48037,65
18067,65
50015,64
16055,64
33019,64
26009,64
22109,64
42055,64
04027,63
08117,63
27035,63
48367,63
19169,63
55027,63
01069,62
04005,62
47113,62
02020,62
36021,61
21015,61
37037,61
05131,61
12119,61
39089,60
55111,60
33005,60
18005,59
09150,59
17179,59
23003,59
26091,59
36075,58
05031,58
42007,58
06057,58
49043,58
42001,58
13087,58
13285,58
66010,58
53055,58
45055,58
48409,57
39007,57
37147,57
26111,57
36015,57
54011,57
28033,56
36009,56
26159,56
55141,56
55109,56
37151,56
37049,56
06025,56
06023,56
08077,55
48469,55
29029,55
44001,55
54069,55
45073,55
72113,55
36077,55
55039,55
53057,55
23001,55
18177,55
51800,55
45047,54
51770,54
19049,54
45057,54
36037,54
55055,54
48257,54
30031,54
18037,54
26149,54
01077,54
27131,53
26045,53
39045,53
19193,53
37175,53
13247,53
24009,53
45075,53
35043,53
30029,53
34011,53
20113,52
27141,52
30111,52
48375,52
47189,52
37157,52
26115,52
46103,52
55085,52
51660,51
45035,51
17037,51
47001,51
01055,51
06031,51
37053,51
37195,50
21145,50
36003,50
23013,50
13039,50
13275,50
13217,50
04015,50
37189,50
20155,50
18053,50
42019,50
39003,50
47125,50
28087,49
39043,49
26087,49
13031,49
36115,49
19045,48
13313,48
47165,48
55097,48
01095,48
37155,47
22079,47
16005,47
33017,47
78010,47
36011,47
72051,47
48219,46
48231,46
20035,46
22057,46
51199,46
27061,46
51740,46
41059,46
08014,46
27013,46
08045,46
16019,46
20015,45
42107,45
55125,45
26019,45
42021,45
24029,45
39123,45
17141,45
23007,45
30063,44
39169,44
55071,44
26017,44
20209,44
72025,44
41071,44
28081,44
27111,44
48259,44
48273,44
36053,44
40119,44
35015,44
26037,43
24001,43
53021,43
13129,43
13133,43
53047,43
06039,43
41003,43
20169,43
05045,43
08107,43
54081,42
40031,42
42085,42
48005,42
42037,42
22015,42
53015,42
17091,42
40047,42
26107,41
51019,41
29213,41
48049,41
53071,41
01015,41
17029,41
38015,41
47179,41
13009,41
28075,41
39145,41
26155,40
37171,40
37023,40
53029,40
26031,40
18107,39
48347,39
36023,39
18145,39
22105,39
37085,39
48277,39
19125,39
39143,39
40017,39
21093,39
50001,38
28067,38
39083,38
18065,38
35028,38
48323,38
26123,38
26063,38
51830,38
12055,38
47035,38
21073,38
51075,38
01083,38
48073,38
18169,37
21209,37
51165,37
41045,37
17007,37
45031,37
27027,37
51069,37
18099,37
19181,37
13029,37
42051,37
38035,36
27067,36
45085,36
30081,36
27103,36
36043,36
26015,36
47141,36
35055,36
48021,36
78030,36
56039,36
55021,36
56037,36
51015,36
17115,35
29031,35
39167,35
55081,35
21151,35
39027,35
32005,35
23025,35
04017,35
37107,35
13255,35
48463,35
18113,35
24023,35
05115,35
54003,35
26105,35
17073,35
48467,34
13299,34
41041,34
47011,34
40123,34
13281,34
39063,34
21059,34
47107,34
20161,34
27169,34
72031,34
55031,34
27049,34
18151,34
18069,33
08049,33
28105,33
48349,33
28083,33
39029,33
51185,33
20103,33
42035,33
26043,33
55135,33
56021,33
22061,33
13175,33
06093,33
45059,33
53041,33
17195,32
29037,32
50019,32
24019,32
47009,32
47155,32
48321,32
06051,32
17109,32
48203,32
48371,32
41043,32
39159,32
13085,32
38101,32
45071,31
33007,31
26101,31
30013,31
27041,31
53017,31
37193,31
19059,31
21101,31
13277,31
39149,31
17199,31
28151,31
06103,31
37167,31
48465,31
05069,31
17063,31
51775,31
27119,31
26041,31
41019,31
29101,31
13103,31
53009,31
17095,30
51187,30
48427,30
36017,30
36051,30
41033,30
39011,30
51590,30
34033,30
29051,30
26117,30
18087,30
54107,30
37011,30
35025,30
37161,30
13137,29
17001,29
48325,29
06069,29
41053,29
48227,29
49003,29
04023,29
42005,29
72119,29
35005,29
17103,29
16017,29
06033,29
51171,29
26059,29
48481,29
16083,29
39051,29
42115,29
27021,28
18109,28
31079,28
49045,28
47063,28
18179,28
18073,28
51031,28
35061,28
22097,28
18001,28
54027,28
27085,28
17049,28
51147,28
72063,28
27147,28
48199,28
36089,28
20009,28
13227,28
21037,28
36107,28
42039,28
48249,28
13295,28
13069,28
37109,28
42009,28
39147,28
39157,28
19155,28
42025,28
56029,28
42033,28
19111,28
37027,27
53075,27
40125,27
22069,27
55043,27
53031,27
54049,27
06109,27
48361,27
53027,27
01043,27
13211,27
37099,27
29107,27
18033,27
29099,27
72097,27
29043,27
20079,27
05145,27
49051,27
55095,27
13071,27
13047,27
51195,27
48071,27
17011,27
16069,27
47119,27
16065,27
36041,27
01115,27
05035,27
05093,26
42073,26
47051,26
26027,26
06101,26
17077,26
23023,26
37105,26
55093,26
01059,26
08051,26
51089,26
53001,26
36035,26
55033,26
19033,26
19139,26
26067,26
37047,26
35017,26
48053,26
51683,26
54061,26
37181,25
18029,25
72023,25
49021,25
45027,25
26073,25
27007,25
19157,25
21083,25
22029,25
21035,25
37123,25
18133,25
49039,25
22045,25
27025,25
28113,25
13311,25
39097,25
55017,25
37163,25
51067,25
48363,25
48493,25
18015,25
19191,25
18183,25
55015,25
30049,25
13261,24
26151,24
13081,24
18103,24
13119,24
13241,24
18017,24
50005,24
26137,24
39171,24
18061,24
30047,24
18045,24
27153,24
28045,24
37139,24
37017,24
19127,24
48171,24
23029,24
48395,24
18173,24
55007,24
48097,24
19065,24
54037,23
22053,23
51191,23
51093,23
13187,23
48025,23
18129,23
39033,23
72069,23
29109,23
36033,23
01121,23
24011,23
13145,23
41011,23
01053,23
37141,23
17137,23
54033,23
22089,23
55005,23
28011,23
27005,23
27057,23
27015,22
39101,22
48001,22
27043,22
55045,22
48459,22
50011,22
53065,22
27079,22
27097,22
45029,22
13023,22
48401,22
40019,22
28149,22
51630,22
42111,22
37013,22
40131,22
01049,22
40137,22
48353,22
36073,22
13143,22
54055,22
29071,22
55003,22
26007,22
18135,22
32510,22
17183,22
22101,22
39005,21
55075,21
51750,21
46013,21
13001,21
26165,21
31001,21
48099,21
39135,21
05019,21
28073,21
19101,21
27023,21
13207,21
18055,21
26023,21
35047,21
48291,21
39009,21
48185,21
28003,21
39039,21
47045,21
28029,21
41007,21
28131,21
13205,21
21047,21
13237,21
35035,21
53043,21
48281,20
42119,20
06115,20
42097,20
12051,20
01033,20
69110,20
48015,20
19017,20
31019,20
42013,20
21089,20
12107,20
40121,20
50013,20
37149,20
36123,20
27099,20
26057,20
01031,20
08113,20
29091,20
35007,20
20041,20
39077,20
19057,20
42087,20
48473,20
21009,20
48471,20
37059,20
37087,20
18071,20
38077,20
39037,20
31151,19
13171,19
56013,19
53045,19
51163,19
29021,19
31053,19
39065,19
36095,19
20055,19
48477,19
01047,19
40021,19
37065,19
48213,19
48383,19
54079,19
18093,19
17177,19
13233,19
19083,19
42083,19
48487,19
39137,19
48499,19
56005,19
21021,19
06027,19
42047,19
30093,19
06063,19
12039,19
18051,19
56001,19
22001,19
45067,19
27091,19
13225,19
22005,19
40145,19
48299,19
26033,19
48221,19
05125,19
39129,19
18149,19
13033,19
13279,19
53037,18
28137,18
01091,18
20191,18
08067,18
42117,18
19179,18
40113,18
48165,18
29187,18
13195,18
19187,18
51600,18
48241,18
48449,18
55115,18
27009,18
47025,18
47031,18
05091,18
12037,18
17083,18
12023,18
35045,18
54025,18
51065,18
20111,18
31111,18
47059,18
45089,18
51033,18
20051,18
51099,18
28109,18
48217,18
40013,18
48051,18
42061,18
21107,18
16057,18
04007,18
31157,18
16085,18
40009,18
21125,18
13169,18
05005,18
21157,18
06021,18
48067,18
42063,17
13123,17
48337,17
20159,17
48307,17
13229,17
24039,17
19149,17
54045,17
19099,17
06009,17
48007,17
19027,17
21141,17
04009,17
56025,17
17133,17
40039,17
51540,17
46083,17
48003,17
36121,17
40065,17
51083,17
23021,17
18023,17
28027,17
18027,17
23027,17
19167,17
18143,17
26157,17
31141,16
13109,16
54075,16
38059,16
37153,16
05139,16
37137,16
54109,16
54029,16
39107,16
35031,16
01127,16
72053,16
40133,16
01109,16
13083,16
29207,16
37069,16
40111,16
36099,16
39081,16
13017,16
36057,16
12093,16
39119,16
40147,16
05033,16
31047,16
05009,16
37145,16
26097,16
42065,16
21199,16
51790,16
19023,16
20125,16
20115,16
20037,16
18077,16
18121,16
47089,16
28085,16
17105,16
48497,16
51143,16
46135,16
48089,16
17193,16
47003,16
27083,16
13177,16
21185,16
47167,16
13179,16
27047,16
48389,16
17045,16
48285,16
27121,15
72035,15
01113,15
51109,15
22125,15
39047,15
20099,15
22115,15
21051,15
29201,15
40071,15
51610,15
45021,15
48223,15
27075,15
27113,15
37083,15
42015,15
32023,15
16051,15
26061,15
37091,15
31119,15
01071,15
18007,15
46029,15
45053,15
21121,15
48373,15
47017,15
48055,15
41031,15
05063,15
47145,15
37061,15
17027,15
05037,15
21113,15
54009,15
29027,15
48019,15
48391,15
04011,15
48031,15
05085,15
01051,15
21239,15
35039,15
39161,15
48489,15
72139,15
48331,15
48179,15
20057,15
17085,15
13107,15
51131,15
55067,15
13305,15
48189,14
48149,14
51063,14
37169,14
51047,14
31043,14
26109,14
17121,14
51071,14
29069,14
51005,14
48475,14
48035,14
48013,14
48047,14
55137,14
05041,14
47147,14
47143,14
21207,14
55061,14
72005,14
55053,14
35027,14
51001,14
55047,14
22063,14
47023,14
19029,14
19019,14
18137,14
18047,14
46027,14
32007,14
01099,14
26069,14
49027,14
39071,14
19123,14
45009,14
28101,14
53039,14
42121,14
28099,14
51145,14
27093,14
13105,14
53059,14
27127,14
13317,14
51670,14
30053,14
29169,14
29195,14
28043,14
16075,14
72135,14
01045,14
51127,14
13161,14
28001,14
01005,14
72091,14
28145,14
27059,14
28133,14
29127,14
12121,14
20053,14
20061,14
19021,13
51113,13
18175,13
42113,13
37003,13
18181,13
37115,13
22119,13
42109,13
13291,13
55057,13
47043,13
47053,13
13197,13
21163,13
21179,13
41035,13
01013,13
01017,13
48057,13
21085,13
29147,13
47131,13
28107,13
05107,13
47105,13
41009,13
37197,13
19145,13
54097,13
38003,13
13267,13
51730,13
40139,13
30003,13
21049,13
37079,13
18031,13
26141,13
08089,13
39015,13
37165,13
31185,13
01105,13
17081,13
21019,13
48341,13
39079,13
48225,13
48147,13
51017,13
20175,13
27115,13
12129,13
27095,13
45039,13
13005,13
32019,13
48235,13
27017,13
17055,13
39073,12
39075,12
21235,12
21217,12
47123,12
55069,12
27073,12
27159,12
13253,12
51125,12
13163,12
56007,12
13147,12
29023,12
51840,12
29007,12
56023,12
72145,12
39141,12
28155,12
72143,12
51133,12
22009,12
55119,12
51141,12
28117,12
48385,12
35041,12
01039,12
48365,12
17203,12
19171,12
40049,12
19025,12
72037,12
28021,12
46081,12
46005,12
19015,12
48233,12
08075,12
38105,12
46035,12
49033,12
37009,12
06011,12
26053,12
13287,12
48123,12
28095,12
17157,12
72013,12
26071,12
13043,12
19047,12
19043,12
19041,12
51678,12
55001,12
48133,11
48043,11
48289,11
04001,11
48287,11
72041,11
20005,11
48267,11
37005,11
21013,11
48177,11
48083,11
48319,11
20151,11
48335,11
46065,11
26127,11
30099,11
16079,11
39175,11
27117,11
16087,11
30073,11
13011,11
27071,11
12123,11
30021,11
12065,11
39117,11
12045,11
31067,11
39087,11
54019,11
05003,11
27143,11
16049,11
51053,11
41027,11
13189,11
41065,11
51820,11
29001,11
13213,11
28123,11
13111,11
28077,11
16043,11
42099,11
40097,11
29217,11
29219,11
40083,11
40037,11
13065,11
17123,11
48297,11
22113,11
18021,11
47103,11
47115,11
47075,11
22047,11
48495,11
55011,11
49019,11
08043,11
18153,11
21211,11
08071,11
05043,11
55099,11
54077,11
46011,11
54035,11
26085,11
48399,11
48417,11
31159,11
48457,11
47099,11
19105,11
19097,11
36049,11
18013,11
47133,10
48059,10
48279,10
40041,10
42123,10
56033,10
51037,10
48247,10
48195,10
48163,10
72057,10
54065,10
39013,10
51073,10
45069,10
38093,10
48313,10
48127,10
48369,10
40011,10
45087,10
47013,10
48081,10
56009,10
01001,10
27089,10
05023,10
29167,10
30027,10
21041,10
21043,10
27031,10
01025,10
05071,10
13271,10
27165,10
08029,10
30067,10
21095,10
18147,10
17187,10
01079,10
35009,10
17173,10
21099,10
27151,10
13269,10
29105,10
35006,10
20029,10
27133,10
18049,10
20001,10
18139,10
01009,10
37117,10
17005,10
37111,10
18083,10
37077,10
05141,10
13025,10
05149,10
17135,10
13019,10
26035,10
06003,10
05103,10
31025,10
13321,10
21029,10
16011,10
17117,9
51570,9
20013,9
08083,9
39091,9
19141,9
05027,9
51051,9
29009,9
08087,9
19165,9
51057,9
05001,9
42031,9
28093,9
54053,9
51530,9
39069,9
46079,9
21155,9
20131,9
55049,9
17021,9
17023,9
20149,9
06005,9
17025,9
30009,9
48105,9
05083,9
29175,9
30015,9
48229,9
08015,9
20059,9
55013,9
41013,9
51173,9
48079,9
48069,9
19137,9
55113,9
30087,9
16041,9
17057,9
29117,9
55121,9
28091,9
51137,9
54031,9
39021,9
48431,9
27105,9
38057,9
27161,9
49041,9
47069,9
49013,9
72071,9
48445,9
27149,9
01021,9
45017,9
45011,9
38089,9
19075,9
48461,9
53003,9
18125,9
18171,9
13049,9
21231,9
19129,9
46093,9
47109,9
37075,9
18075,9
39031,9
27065,9
18119,9
13149,9
19095,9
45065,8
47021,8
13193,8
47029,8
41001,8
29161,8
22083,8
20181,8
26129,8
22093,8
22095,8
55023,8
13159,8
45081,8
27051,8
48117,8
26119,8
13155,8
21027,8
26079,8
48143,8
26039,8
26011,8
40101,8
41015,8
45023,8
29145,8
47071,8
54057,8
27173,8
47077,8
47079,8
54051,8
28143,8
47085,8
51735,8
28127,8
28115,8
13303,8
47097,8
28019,8
47111,8
47127,8
47073,8
21169,8
45049,8
29049,8
27055,8
45033,8
13251,8
48065,8
45025,8
28079,8
13257,8
47055,8
21127,8
51197,8
29079,8
21153,8
08081,8
27135,8
08085,8
51690,8
18101,8
21001,8
72033,8
18025,8
48505,8
20117,8
48255,8
17041,8
17191,8
19031,8
72075,8
19053,8
72065,8
19079,8
01061,8
48455,8
72029,8
49015,8
39131,8
48435,8
48425,8
20027,8
01119,8
51077,8
19131,8
31137,8
05021,8
02090,8
48359,8
19183,8
02122,8
05067,8
05059,8
18117,8
35029,8
30017,8
35051,8
36097,8
37041,8
20133,8
18041,8
01019,8
48193,8
17033,8
18079,8
72123,7
48413,7
08105,7
01123,7
72011,7
22007,7
51023,7
37173,7
12079,7
37093,7
13093,7
28053,7
48437,7
60050,7
42093,7
19133,7
13061,7
39059,7
21213,7
28125,7
53049,7
21195,7
42067,7
78020,7
26001,7
12075,7
26051,7
32001,7
72153,7
49007,7
18009,7
13199,7
54005,7
50009,7
48503,7
48501,7
13201,7
13165,7
13209,7
13231,7
42059,7
17189,7
19011,7
17185,7
38067,7
19067,7
12049,7
37185,7
38097,7
12063,7
01063,7
01087,7
18165,7
17165,7
17125,7
55051,7
16007,7
21159,7
40051,7
30041,7
48311,7
30001,7
20147,7
20145,7
06043,7
41061,7
41057,7
54093,7
16039,7
29115,7
41049,7
20069,7
48275,7
54099,7
51169,7
21183,7
29131,7
08007,7
51115,7
20123,7
48243,7
55107,7
29159,7
48317,7
29155,7
51520,7
21175,7
48161,7
31045,7
21177,7
51149,7
13055,7
47177,7
05135,7
20007,7
31041,7
17107,7
19189,7
21161,7
20167,7
56003,7
51119,6
16067,6
13131,6
22123,6
48175,6
48095,6
47019,6
20121,6
20195,6
20139,6
13075,6
13091,6
49037,6
48205,6
20171,6
18111,6
18131,6
21033,6
16077,6
48197,6
48151,6
22121,6
48129,6
18123,6
51580,6
21045,6
17067,6
51079,6
48327,6
22003,6
19117,6
21229,6
21173,6
21225,6
13293,6
47181,6
51043,6
47175,6
13301,6
19175,6
17075,6
47173,6
48357,6
17017,6
48419,6
48017,6
51175,6
16031,6
51105,6
51181,6
51183,6
20097,6
22041,6
47047,6
17051,6
48063,6
20095,6
17053,6
47061,6
48293,6
48443,6
21123,6
20031,6
21133,6
21143,6
19035,6
20205,6
13027,6
01093,6
54041,6
39163,6
28057,6
05055,6
42105,6
55123,6
31013,6
28023,6
55129,6
29113,6
56015,6
08119,6
27167,6
01129,6
45001,6
54023,6
39019,6
30061,6
55103,6
28129,6
06015,6
29123,6
41023,6
40149,6
29053,6
06105,6
40127,6
06035,6
55041,6
30023,6
40103,6
29215,6
29221,6
05123,6
05111,6
29225,6
40035,6
45037,6
05015,6
29093,6
01041,6
53069,6
12133,6
35053,6
26003,6
37187,6
54007,6
27001,6
37033,6
26143,6
12067,6
26113,6
72117,6
26135,6
72129,6
26133,6
27069,6
72125,6
40087,5
21017,5
49025,5
37121,5
48211,5
51155,5
48153,5
21003,5
72137,5
48131,5
01023,5
08057,5
37073,5
21091,5
16047,5
21079,5
29135,5
21075,5
41025,5
37039,5
41021,5
48093,5
40151,5
08003,5
49047,5
48115,5
29181,5
16081,5
05087,5
19091,5
40023,5
18161,5
19055,5
17127,5
39067,5
19161,5
56041,5
19063,5
39053,5
38099,5
17145,5
17147,5
72015,5
19107,5
72017,5
19085,5
19087,5
17159,5
31177,5
56031,5
02170,5
19039,5
20077,5
30035,5
48253,5
38025,5
51111,5
51101,5
01027,5
48271,5
72089,5
17079,5
48305,5
38051,5
72081,5
38055,5
05029,5
20025,5
72079,5
30043,5
46067,5
45061,5
47083,5
28007,5
28097,5
27063,5
13191,5
54083,5
21167,5
51620,5
28139,5
12027,5
46129,5
27033,5
29039,5
47185,5
42131,5
08099,5
47027,5
29013,5
51640,5
28141,5
29011,5
46127,5
22011,5
28051,5
54091,5
22035,5
12007,5
27157,5
21191,5
47121,5
13035,5
48023,5
26131,5
01133,4
17131,4
31131,4
19147,4
31145,4
31123,4
56043,4
19135,4
17139,4
19119,4
12003,4
60010,4
21119,4
31107,4
47081,4
48045,4
17065,4
21233,4
28017,4
39127,4
05039,4
47101,4
20021,4
31035,4
39115,4
39111,4
31039,4
39105,4
28013,4
22013,4
48343,4
47091,4
22021,4
45005,4
31099,4
31101,4
48403,4
27087,4
48407,4
38009,4
19009,4
19003,4
72111,4
48507,4
47005,4
13173,4
38019,4
22111,4
49023,4
53019,4
38007,4
13259,4
37199,4
13141,4
13099,4
37015,4
46047,4
53051,4
46051,4
37043,4
13053,4
37103,4
47015,4
22075,4
22067,4
72077,4
51029,4
27129,4
27101,4
47049,4
48429,4
28031,4
01111,4
31181,4
47041,4
72043,4
12013,4
19081,4
47033,4
01057,4
19077,4
72067,4
22065,4
19071,4
19069,4
38073,4
27039,4
48295,4
17061,4
30101,4
40105,4
21023,4
48137,4
51159,4
40115,4
48145,4
21005,4
08095,4
29211,4
29003,4
16029,4
17003,4
29033,4
28161,4
28157,4
42057,4
48169,4
40093,4
40091,4
40089,4
20193,4
17015,4
20185,4
54059,4
21171,4
28153,4
29083,4
21115,4
41063,4
21129,4
54103,4
48033,4
21137,4
21077,4
29141,4
08027,4
48075,4
21065,4
06091,4
21149,4
29149,4
48087,4
21053,4
40153,4
29073,4
29055,4
29177,4
48109,4
16073,4
47161,4
22127,4
20197,4
13289,4
05079,4
30025,4
20127,4
48237,4
48239,4
21223,4
54047,4
13273,4
30057,4
40007,4
20119,4
47137,4
08103,4
28103,4
30083,4
51117,4
05099,4
48191,4
20093,4
05121,4
29229,4
20087,4
30095,4
47153,4
20071,4
72131,3
54085,3
05053,3
17059,3
72115,3
72121,3
08111,3
08109,3
54043,3
08019,3
17039,3
54087,3
16037,3
05047,3
08055,3
54089,3
72105,3
05057,3
72109,3
05137,3
56011,3
51011,3
51139,3
72009,3
05133,3
16015,3
51021,3
72019,3
72001,3
05109,3
05049,3
55078,3
54021,3
05095,3
01065,3
55083,3
72103,3
05081,3
51009,3
51157,3
05075,3
02110,3
56035,3
72073,3
54067,3
51036,3
17035,3
17101,3
51167,3
01029,3
54071,3
37131,3
31161,3
20137,3
22059,3
22085,3
31089,3
29121,3
31121,3
20153,3
31127,3
41055,3
31129,3
31077,3
41069,3
31143,3
46121,3
31155,3
31175,3
31179,3
29065,3
20033,3
41037,3
48159,3
38103,3
40005,3
40055,3
29223,3
40045,3
30007,3
47139,3
47183,3
40077,3
21215,3
29209,3
48155,3
21069,3
40135,3
30097,3
21057,3
22031,3
31033,3
31061,3
29153,3
32015,3
21193,3
35019,3
27029,3
27107,3
48447,3
19051,3
19089,3
35023,3
27125,3
48415,3
35057,3
19109,3
35059,3
19121,3
46033,3
19007,3
19151,3
28111,3
38063,3
18159,3
37113,3
29017,3
19197,3
38083,3
19159,3
29015,3
38013,3
38071,3
46019,3
38069,3
55065,2
54013,2
40141,2
12047,2
40073,2
40085,2
27081,2
29186,2
29199,2
27045,2
05129,2
40107,2
29185,2
29025,2
29171,2
55019,2
29057,2
08091,2
29061,2
08065,2
29067,2
40067,2
29075,2
29089,2
18115,2
42053,2
28069,2
28065,2
28039,2
54101,2
28025,2
08125,2
08039,2
29139,2
29041,2
29157,2
29163,2
49055,2
31003,2
40059,2
72003,2
31163,2
31167,2
01107,2
32013,2
39001,2
01075,2
72049,2
72055,2
72059,2
38079,2
38053,2
38049,2
01035,2
72099,2
38045,2
38043,2
72107,2
38037,2
38021,2
38011,2
35037,2
38001,2
72141,2
72147,2
72149,2
72151,2
01007,2
31147,2
69120,2
40053,2
02063,2
30005,2
05089,2
40033,2
55091,2
30039,2
40003,2
30055,2
05065,2
30059,2
05061,2
30065,2
30085,2
30089,2
26095,2
31021,2
31023,2
31059,2
05017,2
05013,2
05011,2
04012,2
56017,2
56019,2
31081,2
02130,2
31093,2
56045,2
26153,2
29005,2
30051,2
13315,2
20017,2
16035,2
47171,2
47169,2
21181,2
47159,2
16021,2
48333,2
21187,2
21201,2
20003,2
17087,2
47135,2
22039,2
19195,2
51685,2
47129,2
21219,2
13283,2
20143,2
19185,2
19177,2
51720,2
47117,2
47095,2
22025,2
21135,2
51193,2
21081,2
48077,2
20141,2
20135,2
20179,2
51135,2
20183,2
20187,2
20189,2
17013,2
20107,2
20105,2
20203,2
48263,2
51103,2
20101,2
48125,2
48269,2
20085,2
20073,2
48107,2
48103,2
20047,2
48101,2
21061,2
16063,2
16059,2
22027,2
20163,2
13249,2
17175,2
46115,2
53023,2
46107,2
48421,2
46091,2
13079,2
17155,2
19093,2
19073,2
46075,2
51007,2
46053,2
46125,2
17181,2
48483,2
19037,2
46043,2
46037,2
19005,2
49001,2
46025,2
18155,2
46015,2
46009,2
46119,2
46105,2
22077,2
22099,2
19115,2
48405,2
47007,2
48393,2
48379,2
13221,2
22049,2
13167,2
22043,2
37177,1
20129,1
19143,1
31169,1
72095,1
31165,1
49029,1
31135,1
01011,1
72087,1
37007,1
48261,1
38065,1
17129,1
38047,1
72085,1
38061,1
31139,1
19001,1
20109,1
72054,1
17171,1
72083,1
32027,1
01067,1
38039,1
17069,1
38095,1
72047,1
17149,1
72045,1
32021,1
20011,1
38033,1
51025,1
32029,1
38031,1
32017,1
48315,1
38029,1
48411,1
48301,1
38027,1
32011,1
38081,1
48345,1
12059,1
31103,1
40129,1
22117,1
42023,1
54073,1
46109,1
29085,1
13183,1
29125,1
29129,1
54105,1
08053,1
08047,1
47039,1
08033,1
29143,1
08009,1
22037,1
29173,1
08093,1
46089,1
46087,1
28005,1
27011,1
46021,1
12125,1
54017,1
13007,1
26013,1
27155,1
28009,1
28159,1
28015,1
46049,1
28061,1
46057,1
46059,1
28135,1
46085,1
29179,1
55037,1
31095,1
29197,1
46003,1
31011,1
39121,1
48111,1
31037,1
31057,1
21031,1
21011,1
31063,1
21007,1
31065,1
31069,1
48173,1
17009,1
02220,1
02150,1
31091,1
30079,1
21097,1
21103,1
05117,1
40117,1
40095,1
40081,1
40075,1
13319,1
21205,1
21203,1
47151,1
21139,1
05101,1
55077,1
40043,1
16025,1
21147,1
30011,1
40025,1
30105,1
